{"distancias_diferentes":{"_type":"histogram","values":[1,4,6,2,2,10,15,20,13,12,13,13,13,2,3,3,4,8,16,27,26,16,15,16,22,22,12,15,20,20,18,17,17,11,9,11,3,7,5,6,3,10,7,5,4,3,5,1,5,0,1,2,0,4,0,4,2,2,2,0,2,0,0,1],"bins":[22.75,24.53515625,26.3203125,28.10546875,29.890625,31.67578125,33.4609375,35.24609375,37.03125,38.81640625,40.6015625,42.38671875,44.171875,45.95703125,47.7421875,49.52734375,51.3125,53.09765625,54.8828125,56.66796875,58.453125,60.23828125,62.0234375,63.80859375,65.59375,67.37890625,69.1640625,70.94921875,72.734375,74.51953125,76.3046875,78.08984375,79.875,81.66015625,83.4453125,85.23046875,87.015625,88.80078125,90.5859375,92.37109375,94.15625,95.94140625,97.7265625,99.51171875,101.296875,103.08203125,104.8671875,106.65234375,108.4375,110.22265625,112.0078125,113.79296875,115.578125,117.36328125,119.1484375,120.93359375,122.71875,124.50390625,126.2890625,128.07421875,129.859375,131.64453125,133.4296875,135.21484375,137]},"eer":0.048327137546468404,"_timestamp":1.7461402838989124e+09,"densidade":{"sha256":"69ed0b44f19710b961d7e2fdaaaff5257ab4d9d1acfa473dd695a59afd6e0ad3","size":50530,"path":"media/images/densidade_1_69ed0b44f19710b961d7.png","format":"png","width":1000,"height":600,"_type":"image-file"},"eer_threshold":33.5,"_wandb":{"runtime":1067},"_runtime":1067.496290339,"distancias_iguais":{"bins":[6.375,7.091796875,7.80859375,8.525390625,9.2421875,9.958984375,10.67578125,11.392578125,12.109375,12.826171875,13.54296875,14.259765625,14.9765625,15.693359375,16.41015625,17.126953125,17.84375,18.560546875,19.27734375,19.994140625,20.7109375,21.427734375,22.14453125,22.861328125,23.578125,24.294921875,25.01171875,25.728515625,26.4453125,27.162109375,27.87890625,28.595703125,29.3125,30.029296875,30.74609375,31.462890625,32.1796875,32.896484375,33.61328125,34.330078125,35.046875,35.763671875,36.48046875,37.197265625,37.9140625,38.630859375,39.34765625,40.064453125,40.78125,41.498046875,42.21484375,42.931640625,43.6484375,44.365234375,45.08203125,45.798828125,46.515625,47.232421875,47.94921875,48.666015625,49.3828125,50.099609375,50.81640625,51.533203125,52.25],"_type":"histogram","values":[2,2,3,5,15,11,18,22,21,13,20,24,24,24,27,27,19,19,12,28,20,17,8,15,8,13,10,5,9,8,3,5,4,3,2,4,3,1,1,1,2,1,2,5,1,2,2,1,2,2,0,0,0,0,0,1,0,0,0,0,0,0,0,1]},"_step":2}