{"train/learning_rate":0,"eval/loss":0.4681564271450043,"train_loss":0.5016460823613172,"train/loss":0.4958,"train_samples_per_second":2214.069,"_step":40,"train/global_step":14320,"eval/samples_per_second":7207.109,"_timestamp":1.746664180101001e+09,"_wandb":{"runtime":65},"total_flos":0,"eval/runtime":0.2484,"eval/steps_per_second":901.895,"train/epoch":20,"train/grad_norm":0,"train_steps_per_second":221.407,"_runtime":65.60826739,"train_runtime":64.6773}