{"max_memory_reserved_MB":7118,"_timestamp":1.7461496221195796e+09,"_step":1,"max_memory_allocated_MB":6368.34912109375,"_runtime":1531.839255767,"densidade":{"height":600,"_type":"image-file","sha256":"3de2e93028d7eeef4ae028e6847cd9755581ca4b0dbbcb0a49cbc538d653b6ed","size":50457,"path":"media/images/densidade_1_3de2e93028d7eeef4ae0.png","format":"png","width":1000},"_wandb":{"runtime":1531},"eer":0.027881040892193308,"avg_inference_time":1.2012723721132315,"distancias_diferentes":{"_type":"histogram","values":[1,0,0,3,2,3,3,0,3,9,15,17,12,8,8,9,3,6,6,7,12,8,9,10,13,10,13,21,19,14,23,18,24,28,24,18,10,12,13,14,9,12,5,11,8,9,8,7,9,2,6,3,1,1,2,4,2,5,4,0,1,0,0,1],"bins":[11.25,11.9765625,12.703125,13.4296875,14.15625,14.8828125,15.609375,16.3359375,17.0625,17.7890625,18.515625,19.2421875,19.96875,20.6953125,21.421875,22.1484375,22.875,23.6015625,24.328125,25.0546875,25.78125,26.5078125,27.234375,27.9609375,28.6875,29.4140625,30.140625,30.8671875,31.59375,32.3203125,33.046875,33.7734375,34.5,35.2265625,35.953125,36.6796875,37.40625,38.1328125,38.859375,39.5859375,40.3125,41.0390625,41.765625,42.4921875,43.21875,43.9453125,44.671875,45.3984375,46.125,46.8515625,47.578125,48.3046875,49.03125,49.7578125,50.484375,51.2109375,51.9375,52.6640625,53.390625,54.1171875,54.84375,55.5703125,56.296875,57.0234375,57.75]},"eer_threshold":17.75,"distancias_iguais":{"bins":[2.84375,3.16064453125,3.4775390625,3.79443359375,4.111328125,4.42822265625,4.7451171875,5.06201171875,5.37890625,5.69580078125,6.0126953125,6.32958984375,6.646484375,6.96337890625,7.2802734375,7.59716796875,7.9140625,8.23095703125,8.5478515625,8.86474609375,9.181640625,9.49853515625,9.8154296875,10.13232421875,10.44921875,10.76611328125,11.0830078125,11.39990234375,11.716796875,12.03369140625,12.3505859375,12.66748046875,12.984375,13.30126953125,13.6181640625,13.93505859375,14.251953125,14.56884765625,14.8857421875,15.20263671875,15.51953125,15.83642578125,16.1533203125,16.47021484375,16.787109375,17.10400390625,17.4208984375,17.73779296875,18.0546875,18.37158203125,18.6884765625,19.00537109375,19.322265625,19.63916015625,19.9560546875,20.27294921875,20.58984375,20.90673828125,21.2236328125,21.54052734375,21.857421875,22.17431640625,22.4912109375,22.80810546875,23.125],"_type":"histogram","values":[3,0,2,8,11,18,24,41,12,17,9,14,17,13,18,15,11,17,16,12,11,22,21,17,9,12,17,6,6,10,6,6,7,3,7,8,6,2,4,3,7,3,4,3,0,4,0,3,1,5,1,0,1,2,1,0,0,0,0,0,1,0,0,1]}}