{"_wandb":{"runtime":2},"_timestamp":1.7464091015292187e+09,"_runtime":2.054173255,"train/global_step":160,"train_runtime":0.8358,"eval/samples_per_second":2501.001,"train/grad_norm":7.120548980310559e-05,"train_samples_per_second":1914.351,"train/learning_rate":0,"_step":40,"train_steps_per_second":191.435,"eval/runtime":0.008,"eval/steps_per_second":375.15,"train/loss":0,"train/epoch":20,"total_flos":0,"train_loss":0.011314171337818379,"eval/loss":8.045373647291854e-07}