{"eer_threshold":0.7308532332569414,"_wandb":{"runtime":2768},"_runtime":2768.09065239,"density_plot":{"sha256":"ede02b120ff231f9090db632a458d3c18c5035330ee50f4ae829b25360036a88","size":61940,"path":"media/images/density_plot_1_ede02b120ff231f9090d.png","format":"png","width":1000,"height":600,"_type":"image-file"},"avg_inference_time_per_pair":3.451647971701058,"_step":1,"max_memory_allocated_MB":5978.87255859375,"distances_diff_class":{"_type":"histogram","values":[1,0,1,1,2,1,2,2,2,4,3,2,5,4,5,5,7,2,2,5,5,4,4,6,3,4,6,4,11,7,11,6,6,8,12,8,12,11,16,20,10,18,12,22,12,22,22,16,7,15,11,8,12,12,10,12,22,29,39,31,30,17,15,15],"bins":[0.5203085268561297,0.5337868988095694,0.5472652707630092,0.5607436427164489,0.5742220146698886,0.5877003866233285,0.6011787585767682,0.6146571305302079,0.6281355024836477,0.6416138744370874,0.6550922463905271,0.6685706183439668,0.6820489902974066,0.6955273622508463,0.7090057342042861,0.7224841061577258,0.7359624781111656,0.7494408500646053,0.7629192220180451,0.7763975939714848,0.7898759659249246,0.8033543378783643,0.816832709831804,0.8303110817852437,0.8437894537386835,0.8572678256921232,0.870746197645563,0.8842245695990028,0.8977029415524425,0.9111813135058822,0.924659685459322,0.9381380574127617,0.9516164293662015,0.9650948013196412,0.9785731732730809,0.9920515452265206,1.0055299171799605,1.0190082891334002,1.03248666108684,1.0459650330402797,1.0594434049937194,1.072921776947159,1.0864001489005988,1.0998785208540385,1.1133568928074782,1.126835264760918,1.1403136367143578,1.1537920086677975,1.1672703806212374,1.1807487525746772,1.1942271245281169,1.2077054964815566,1.2211838684349963,1.234662240388436,1.2481406123418757,1.2616189842953154,1.275097356248755,1.288575728202195,1.3020541001556347,1.3155324721090744,1.3290108440625144,1.342489216015954,1.3559675879693938,1.3694459599228335,1.3829243318762732]},"_timestamp":1.7530637933978398e+09,"eer":0.0594679186228482,"distances_same_class":{"values":[2,3,0,3,1,2,1,4,0,1,3,3,1,0,1,2,3,2,0,3,5,3,2,2,3,2,2,1,2,0,0,2,1,0,2,2,2,0,1,0,1,0,1,1,0,3,1,0,0,1,0,1,1,0,0,0,0,0,1,0,1,0,0,1],"bins":[0.14147940393388858,0.15331247328589806,0.1651455426379075,0.176978611989917,0.18881168134192644,0.20064475069393592,0.2124778200459454,0.22431088939795485,0.23614395874996433,0.2479770281019738,0.25981009745398326,0.27164316680599276,0.2834762361580022,0.29530930551001167,0.3071423748620211,0.31897544421403057,0.3308085135660401,0.3426415829180496,0.35447465227005903,0.3663077216220685,0.37814079097407793,0.3899738603260874,0.4018069296780969,0.41363999903010634,0.42547306838211585,0.4373061377341253,0.44913920708613475,0.4609722764381442,0.4728053457901537,0.48463841514216316,0.4964714844941726,0.5083045538461821,0.5201376231981916,0.531970692550201,0.5438037619022105,0.5556368312542199,0.5674699006062294,0.5793029699582389,0.5911360393102484,0.6029691086622578,0.6148021780142673,0.6266352473662768,0.6384683167182863,0.6503013860702958,0.6621344554223052,0.6739675247743147,0.6858005941263241,0.6976336634783336,0.7094667328303431,0.7212998021823526,0.733132871534362,0.7449659408863715,0.7567990102383809,0.7686320795903904,0.7804651489423998,0.7922982182944094,0.8041312876464188,0.8159643569984283,0.8277974263504377,0.8396304957024472,0.8514635650544566,0.8632966344064662,0.8751297037584757,0.8869627731104851,0.8987958424624946],"_type":"histogram"},"max_memory_reserved_MB":7382}