{"_step":4,"_wandb":{"runtime":39308},"epoch_loss":0.5,"epoch":5,"_timestamp":1.7458203233116505e+09,"_runtime":39308.42227311}