{"eer_threshold":32.75,"max_memory_allocated_MB":12344.32763671875,"eer":0.03345724907063197,"_timestamp":1.7461463213445818e+09,"distancias_iguais":{"_type":"histogram","values":[5,3,4,16,26,22,32,28,20,21,22,19,17,24,19,16,20,14,13,15,13,11,8,20,10,4,5,5,9,4,8,4,3,4,6,4,0,3,1,1,1,1,1,3,0,1,0,1,1,0,1,0,1,1,1,1,0,0,1,0,2,1,0,1],"bins":[5.65625,6.30615234375,6.9560546875,7.60595703125,8.255859375,8.90576171875,9.5556640625,10.20556640625,10.85546875,11.50537109375,12.1552734375,12.80517578125,13.455078125,14.10498046875,14.7548828125,15.40478515625,16.0546875,16.70458984375,17.3544921875,18.00439453125,18.654296875,19.30419921875,19.9541015625,20.60400390625,21.25390625,21.90380859375,22.5537109375,23.20361328125,23.853515625,24.50341796875,25.1533203125,25.80322265625,26.453125,27.10302734375,27.7529296875,28.40283203125,29.052734375,29.70263671875,30.3525390625,31.00244140625,31.65234375,32.30224609375,32.9521484375,33.60205078125,34.251953125,34.90185546875,35.5517578125,36.20166015625,36.8515625,37.50146484375,38.1513671875,38.80126953125,39.451171875,40.10107421875,40.7509765625,41.40087890625,42.05078125,42.70068359375,43.3505859375,44.00048828125,44.650390625,45.30029296875,45.9501953125,46.60009765625,47.25]},"max_memory_reserved_MB":12806,"distancias_diferentes":{"bins":[21.5,23.03125,24.5625,26.09375,27.625,29.15625,30.6875,32.21875,33.75,35.28125,36.8125,38.34375,39.875,41.40625,42.9375,44.46875,46,47.53125,49.0625,50.59375,52.125,53.65625,55.1875,56.71875,58.25,59.78125,61.3125,62.84375,64.375,65.90625,67.4375,68.96875,70.5,72.03125,73.5625,75.09375,76.625,78.15625,79.6875,81.21875,82.75,84.28125,85.8125,87.34375,88.875,90.40625,91.9375,93.46875,95,96.53125,98.0625,99.59375,101.125,102.65625,104.1875,105.71875,107.25,108.78125,110.3125,111.84375,113.375,114.90625,116.4375,117.96875,119.5],"_type":"histogram","values":[1,2,2,2,5,2,1,3,14,13,9,6,7,10,14,11,13,6,10,17,13,14,11,15,25,17,16,18,17,19,17,18,19,23,10,22,12,5,7,16,9,9,4,1,9,3,5,6,4,2,2,1,3,0,3,1,2,2,1,2,2,0,0,5]},"_step":1,"_wandb":{"runtime":3699},"_runtime":3699.026262941,"densidade":{"path":"media/images/densidade_1_ce27fa482238ab6aa8e7.png","format":"png","width":1000,"height":600,"_type":"image-file","sha256":"ce27fa482238ab6aa8e76801a0f429a138932bfe4b32f5e7e23fc09d98a58aa5","size":51022},"avg_inference_time":3.215516969964311}