{"eer_threshold":22.75,"max_memory_allocated_MB":6106.61181640625,"densidade":{"size":50906,"path":"media/images/densidade_1_8591e53d435ad4f62486.png","format":"png","width":1000,"height":600,"_type":"image-file","sha256":"8591e53d435ad4f62486159dd9be0b78a6071f3ecf6a702ef1e76f941fe46bf8"},"_runtime":877.207764083,"_step":1,"_wandb":{"runtime":877},"avg_inference_time":0.7674929720967469,"max_memory_reserved_MB":7918,"distancias_iguais":{"values":[3,1,2,3,1,2,3,3,2,4,3,0,4,4,4,2,3,4,3,1,2,1,1,2,1,3,0,1,0,0,1,1,0,3,0,0,0,0,0,1,2,3,0,1,0,0,1,1,1,0,1,0,0,0,0,0,0,0,0,0,0,0,0,1],"bins":[2.5,2.9453125,3.390625,3.8359375,4.28125,4.7265625,5.171875,5.6171875,6.0625,6.5078125,6.953125,7.3984375,7.84375,8.2890625,8.734375,9.1796875,9.625,10.0703125,10.515625,10.9609375,11.40625,11.8515625,12.296875,12.7421875,13.1875,13.6328125,14.078125,14.5234375,14.96875,15.4140625,15.859375,16.3046875,16.75,17.1953125,17.640625,18.0859375,18.53125,18.9765625,19.421875,19.8671875,20.3125,20.7578125,21.203125,21.6484375,22.09375,22.5390625,22.984375,23.4296875,23.875,24.3203125,24.765625,25.2109375,25.65625,26.1015625,26.546875,26.9921875,27.4375,27.8828125,28.328125,28.7734375,29.21875,29.6640625,30.109375,30.5546875,31],"_type":"histogram"},"eer":0.056338028169014086,"_timestamp":1.7492593545791013e+09,"distancias_diferentes":{"values":[2,9,9,9,8,9,11,5,3,10,6,4,4,2,3,5,9,11,11,20,19,24,36,24,37,22,23,13,17,11,12,8,9,4,5,7,3,2,7,5,8,3,6,6,14,5,16,13,20,19,20,13,10,8,11,8,2,4,7,1,4,0,1,2],"bins":[14.4375,16.1884765625,17.939453125,19.6904296875,21.44140625,23.1923828125,24.943359375,26.6943359375,28.4453125,30.1962890625,31.947265625,33.6982421875,35.44921875,37.2001953125,38.951171875,40.7021484375,42.453125,44.2041015625,45.955078125,47.7060546875,49.45703125,51.2080078125,52.958984375,54.7099609375,56.4609375,58.2119140625,59.962890625,61.7138671875,63.46484375,65.2158203125,66.966796875,68.7177734375,70.46875,72.2197265625,73.970703125,75.7216796875,77.47265625,79.2236328125,80.974609375,82.7255859375,84.4765625,86.2275390625,87.978515625,89.7294921875,91.48046875,93.2314453125,94.982421875,96.7333984375,98.484375,100.2353515625,101.986328125,103.7373046875,105.48828125,107.2392578125,108.990234375,110.7412109375,112.4921875,114.2431640625,115.994140625,117.7451171875,119.49609375,121.2470703125,122.998046875,124.7490234375,126.5],"_type":"histogram"}}