{"train/global_step":360,"total_flos":0,"train_loss":0.005165065077339016,"train/learning_rate":0,"train_runtime":3.3886,"_wandb":{"runtime":4},"train/loss":0,"eval/steps_per_second":217.314,"eval/runtime":0.0138,"train_steps_per_second":106.239,"train/grad_norm":2.6151352358283475e-05,"_timestamp":1.7464088676880424e+09,"_step":240,"eval/samples_per_second":1448.76,"_runtime":4.497316501,"eval/loss":3.700874060541537e-07,"train_samples_per_second":2833.035,"train/epoch":120}