{"train_runtime":1.5866,"eval/samples_per_second":2190.809,"train/learning_rate":0,"total_flos":0,"_timestamp":1.7464091204668653e+09,"_step":40,"train_steps_per_second":201.694,"eval/loss":2.6128657282242784e-07,"train/loss":0,"train/epoch":20,"train/global_step":320,"eval/runtime":0.0091,"_wandb":{"runtime":2},"train_loss":0.0018774902371333723,"eval/steps_per_second":328.621,"train/grad_norm":1.9212811821489595e-05,"train_samples_per_second":1008.469,"_runtime":2.446122908}