{"train_loss":0.05768322092194797,"_step":40,"train/epoch":20,"total_flos":0,"eval/runtime":0.2369,"train/learning_rate":0,"train/global_step":14320,"_runtime":61.586758203,"train_samples_per_second":2501.902,"train_runtime":57.2365,"train_steps_per_second":250.19,"_wandb":{"runtime":61},"_timestamp":1.7465834547132123e+09,"eval/loss":0.022315694019198418,"eval/steps_per_second":945.737,"eval/samples_per_second":7557.449,"train/grad_norm":0.23301520943641663,"train/loss":0.0286}