{"eval/steps_per_second":888.146,"train_loss":0.02423612250629084,"eval/samples_per_second":7097.236,"train/loss":0.0101,"_timestamp":1.746584464784923e+09,"eval/runtime":0.2522,"train/grad_norm":5.5907751317363363e-08,"train/epoch":20,"train/global_step":14320,"train/learning_rate":0,"_runtime":63.882933797,"total_flos":0,"_wandb":{"runtime":63},"_step":40,"train_samples_per_second":2279.199,"eval/loss":0.010744626633822918,"train_steps_per_second":227.92,"train_runtime":62.8291}