{"distancias_iguais":{"bins":[4.4375,5.1337890625,5.830078125,6.5263671875,7.22265625,7.9189453125,8.615234375,9.3115234375,10.0078125,10.7041015625,11.400390625,12.0966796875,12.79296875,13.4892578125,14.185546875,14.8818359375,15.578125,16.2744140625,16.970703125,17.6669921875,18.36328125,19.0595703125,19.755859375,20.4521484375,21.1484375,21.8447265625,22.541015625,23.2373046875,23.93359375,24.6298828125,25.326171875,26.0224609375,26.71875,27.4150390625,28.111328125,28.8076171875,29.50390625,30.2001953125,30.896484375,31.5927734375,32.2890625,32.9853515625,33.681640625,34.3779296875,35.07421875,35.7705078125,36.466796875,37.1630859375,37.859375,38.5556640625,39.251953125,39.9482421875,40.64453125,41.3408203125,42.037109375,42.7333984375,43.4296875,44.1259765625,44.822265625,45.5185546875,46.21484375,46.9111328125,47.607421875,48.3037109375,49],"_type":"histogram","values":[1,2,2,3,1,3,2,3,1,3,0,0,1,2,4,3,4,3,3,0,1,2,3,3,1,0,2,2,1,3,1,1,0,0,0,4,1,0,1,1,0,1,1,1,2,0,0,0,1,1,1,0,0,1,0,1,1,0,0,0,0,0,0,1]},"_timestamp":1.7492636401809506e+09,"_runtime":1850.436433671,"eer_threshold":40,"_step":1,"_wandb":{"runtime":1850},"distancias_diferentes":{"bins":[26.375,29.337890625,32.30078125,35.263671875,38.2265625,41.189453125,44.15234375,47.115234375,50.078125,53.041015625,56.00390625,58.966796875,61.9296875,64.892578125,67.85546875,70.818359375,73.78125,76.744140625,79.70703125,82.669921875,85.6328125,88.595703125,91.55859375,94.521484375,97.484375,100.447265625,103.41015625,106.373046875,109.3359375,112.298828125,115.26171875,118.224609375,121.1875,124.150390625,127.11328125,130.076171875,133.0390625,136.001953125,138.96484375,141.927734375,144.890625,147.853515625,150.81640625,153.779296875,156.7421875,159.705078125,162.66796875,165.630859375,168.59375,171.556640625,174.51953125,177.482421875,180.4453125,183.408203125,186.37109375,189.333984375,192.296875,195.259765625,198.22265625,201.185546875,204.1484375,207.111328125,210.07421875,213.037109375,216],"_type":"histogram","values":[8,4,7,10,5,5,10,5,6,2,8,5,5,10,5,15,13,19,22,14,19,17,14,14,22,18,18,15,14,14,12,14,7,18,10,13,21,8,14,14,12,7,13,9,5,13,15,7,15,10,10,8,7,6,6,8,2,4,3,2,1,0,1,1]},"eer":0.050078247261345854,"densidade":{"sha256":"81d5be5a646e8e082802082ba95a1d066f073e17a71c92ba3e97f6fb94605cb7","size":51398,"path":"media/images/densidade_1_81d5be5a646e8e082802.png","format":"png","width":1000,"height":600,"_type":"image-file"},"avg_inference_time":2.1257371600712123,"max_memory_reserved_MB":14968,"max_memory_allocated_MB":12641.36767578125}