{"_wandb":{"runtime":65},"_timestamp":1.7466646242160308e+09,"_step":40,"train/grad_norm":0,"eval/runtime":0.2486,"train/global_step":14320,"eval/samples_per_second":7200.259,"train/epoch":20,"train_samples_per_second":2225.703,"eval/loss":0.01012385729700327,"train_runtime":64.3392,"train_steps_per_second":222.57,"eval/steps_per_second":901.038,"train/learning_rate":0,"_runtime":65.356772594,"train/loss":0.0087,"train_loss":0.026166742690448653,"total_flos":0}