{"train_loss":0.4983350487394706,"train_samples_per_second":2235.397,"train/grad_norm":7.140030347562235e-14,"eval/loss":0.5318436026573181,"eval/samples_per_second":7139.736,"train/loss":0.5042,"train/epoch":20,"train/global_step":14320,"_runtime":64.911946559,"train/learning_rate":0,"eval/steps_per_second":893.464,"total_flos":0,"_timestamp":1.7466642882822783e+09,"_step":40,"train_steps_per_second":223.54,"train_runtime":64.0602,"eval/runtime":0.2507,"_wandb":{"runtime":64}}