{"_wandb":{"runtime":57},"train/epoch":20,"_step":40,"_runtime":57.970469464,"total_flos":0,"train_samples_per_second":2512.065,"train_steps_per_second":251.206,"train_loss":0.053320520749971186,"eval/samples_per_second":7996.468,"eval/runtime":0.2238,"eval/steps_per_second":1000.675,"train_runtime":57.0049,"_timestamp":1.7465838584948988e+09,"train/learning_rate":0,"train/loss":0.028,"train/global_step":14320,"eval/loss":0.020795727148652077,"train/grad_norm":0.21487604081630707}