{"total_flos":0,"_runtime":3.370857562,"eval/runtime":0.0077,"_step":20,"train/global_step":30,"eval/samples_per_second":2603.864,"train/grad_norm":0.0094137042760849,"eval/loss":0.0001449996343581006,"_wandb":{"runtime":3},"train_loss":0.04001208016610083,"_timestamp":1.7464044713760164e+09,"train/epoch":10,"train/learning_rate":0,"train_steps_per_second":86.453,"train/loss":0.0001,"train_samples_per_second":2305.419,"eval/steps_per_second":390.58,"train_runtime":0.347}