{"eval/loss":7.791309144522529e-07,"_wandb":{"runtime":1},"train/epoch":20,"train_steps_per_second":183.92,"train_loss":0.003890768174517234,"_timestamp":1.7464091389764652e+09,"train/learning_rate":0,"_runtime":1.784172172,"train/loss":0,"eval/runtime":0.0081,"total_flos":0,"train_samples_per_second":1839.197,"train_runtime":0.8699,"train/grad_norm":6.483474862761796e-05,"eval/steps_per_second":371.495,"_step":40,"eval/samples_per_second":2476.634,"train/global_step":160}