{"train_steps_per_second":70.122,"eval/loss":8.283951319754124e-05,"total_flos":0,"train_loss":0.024036831232175853,"_runtime":1.365873666,"_timestamp":1.7464070540189893e+09,"_step":20,"eval/runtime":0.0085,"train/learning_rate":0,"train/epoch":10,"train_runtime":0.4278,"train_samples_per_second":1869.908,"train/global_step":30,"train/loss":0.0001,"train/grad_norm":0.005002692807465792,"eval/samples_per_second":2348.237,"eval/steps_per_second":352.236,"_wandb":{"runtime":1}}