{"_step":40,"train_steps_per_second":277.771,"_timestamp":1.7464359676070201e+09,"eval/samples_per_second":7959.464,"train_runtime":51.5533,"total_flos":0,"train/loss":0,"train/epoch":20,"train/learning_rate":0,"train_loss":1.8958151191571758e-05,"eval/runtime":0.2249,"eval/loss":2.3239963772847538e-11,"train/global_step":14320,"train_samples_per_second":2777.705,"_runtime":52.440096276,"_wandb":{"runtime":52},"train/grad_norm":9.896911068452141e-10,"eval/steps_per_second":996.045}