{"_timestamp":1.7466655189874632e+09,"train_steps_per_second":222.96,"eval/runtime":0.2502,"eval/samples_per_second":7153.015,"train/loss":0.0085,"train_samples_per_second":2229.603,"total_flos":0,"train/learning_rate":0,"eval/steps_per_second":895.126,"train/grad_norm":0,"_wandb":{"runtime":65},"train_runtime":64.2267,"_runtime":65.154025099,"train/global_step":14320,"_step":40,"train_loss":0.021868520841918176,"train/epoch":20,"eval/loss":0.00932306982576847}