{"train_steps_per_second":251.667,"total_flos":0,"train/epoch":20,"train/grad_norm":0.2156219333410263,"eval/runtime":0.2274,"train/global_step":14320,"eval/loss":0.034613996744155884,"_timestamp":1.7465842678604176e+09,"train_runtime":56.9005,"train_loss":0.05264831182011013,"eval/steps_per_second":985.258,"train/loss":0.0266,"_wandb":{"runtime":57},"train_samples_per_second":2516.674,"train/learning_rate":0,"eval/samples_per_second":7873.265,"_runtime":57.767958244,"_step":40}